{"cameraMode":{"drawMode":0,"name":"Shaded","section":"Shading Mode"},"sceneLighting":false,"audioPlay":false,"sceneViewState":{"showFog":false,"showMaterialUpdate":false,"showSkybox":false,"showFlares":false,"showImageEffects":false,"showParticleSystems":false},"in2DMode":false,"pivot":{"x":-0.0367080494761467,"y":0.007564433850347996,"z":0.029053371399641038},"rotation":{"x":-0.048382438719272616,"y":0.42163366079330447,"z":-0.022534942254424096,"w":-0.9051985144615173},"size":0.010398387908935547,"orthographic":false}