{"cameraMode":{"drawMode":0,"name":"Shaded","section":"Shading Mode"},"sceneLighting":true,"audioPlay":false,"sceneViewState":{"showFog":false,"showMaterialUpdate":false,"showSkybox":false,"showFlares":false,"showImageEffects":false,"showParticleSystems":false},"in2DMode":false,"pivot":{"x":5.161736488342285,"y":1.0395146608352662,"z":-38.95669174194336},"rotation":{"x":-0.058066315948963168,"y":-0.9170092344284058,"z":0.14506696164608003,"w":-0.36701348423957827},"size":2.6337897777557375,"orthographic":false}