{"cameraMode":{"drawMode":0,"name":"Shaded","section":"Shading Mode"},"sceneLighting":true,"audioPlay":false,"sceneViewState":{"showFog":false,"showMaterialUpdate":false,"showSkybox":false,"showFlares":false,"showImageEffects":false,"showParticleSystems":false},"in2DMode":false,"pivot":{"x":-84.05880737304688,"y":11.067466735839844,"z":26.468578338623048},"rotation":{"x":-0.058066315948963168,"y":-0.9170092344284058,"z":0.14506696164608003,"w":-0.36701348423957827},"size":8.980340003967286,"orthographic":false}