{"cameraMode":{"drawMode":0,"name":"Shaded","section":"Shading Mode"},"sceneLighting":false,"audioPlay":false,"sceneViewState":{"showFog":false,"showMaterialUpdate":false,"showSkybox":false,"showFlares":false,"showImageEffects":false,"showParticleSystems":false},"in2DMode":false,"pivot":{"x":1.609988808631897,"y":-0.5067675113677979,"z":5.260251045227051},"rotation":{"x":0.045407216995954517,"y":0.14335237443447114,"z":-0.006584920454770327,"w":0.9886105060577393},"size":1.1851379871368409,"orthographic":false}