{"cameraMode":{"drawMode":0,"name":"Shaded","section":"Shading Mode"},"sceneLighting":false,"audioPlay":false,"sceneViewState":{"showFog":false,"showMaterialUpdate":false,"showSkybox":false,"showFlares":false,"showImageEffects":false,"showParticleSystems":false},"in2DMode":false,"pivot":{"x":-3.7380921840667726,"y":-5.680954933166504,"z":-16.68431854248047},"rotation":{"x":0.006575883366167545,"y":-0.9876992702484131,"z":0.15018364787101746,"w":0.04328543320298195},"size":7.1336164474487309,"orthographic":false}