{"cameraMode":{"drawMode":0,"name":"Shaded","section":"Shading Mode"},"sceneLighting":false,"audioPlay":false,"sceneViewState":{"showFog":false,"showMaterialUpdate":false,"showSkybox":false,"showFlares":false,"showImageEffects":false,"showParticleSystems":false},"in2DMode":false,"pivot":{"x":-13.983036041259766,"y":-19.994009017944337,"z":-76.75288391113281},"rotation":{"x":-0.01051298063248396,"y":0.9882379174232483,"z":-0.13001330196857453,"w":-0.07992345839738846},"size":12.37531852722168,"orthographic":false}