{"cameraMode":{"drawMode":0,"name":"Shaded","section":"Shading Mode"},"sceneLighting":false,"audioPlay":false,"sceneViewState":{"showFog":false,"showMaterialUpdate":false,"showSkybox":false,"showFlares":false,"showImageEffects":false,"showParticleSystems":false},"in2DMode":false,"pivot":{"x":0.0011409604921936989,"y":0.010590292513370514,"z":5.859183147549629e-7},"rotation":{"x":-0.031594615429639819,"y":0.4786772131919861,"z":0.017240190878510476,"w":0.8772543668746948},"size":0.6209100484848023,"orthographic":false}