{"cameraMode":{"drawMode":0,"name":"Shaded","section":"Shading Mode"},"sceneLighting":false,"audioPlay":false,"sceneViewState":{"showFog":false,"showMaterialUpdate":false,"showSkybox":false,"showFlares":false,"showImageEffects":false,"showParticleSystems":false},"in2DMode":false,"pivot":{"x":0.0011409604921936989,"y":0.010590292513370514,"z":-0.000013950979337096214},"rotation":{"x":0.06166167929768562,"y":0.2906131446361542,"z":-0.018770333379507066,"w":0.9546682834625244},"size":0.020952079445123674,"orthographic":false}