{"cameraMode":{"drawMode":0,"name":"Shaded","section":"Shading Mode"},"sceneLighting":true,"audioPlay":false,"sceneViewState":{"showFog":true,"showMaterialUpdate":false,"showSkybox":true,"showFlares":true,"showImageEffects":true,"showParticleSystems":true},"in2DMode":false,"pivot":{"x":4.604823112487793,"y":0.06168663501739502,"z":2.39750337600708},"rotation":{"x":0.07619306445121765,"y":-0.07769273221492768,"z":0.005955233704298735,"w":0.99404376745224},"size":2.7603511810302736,"orthographic":true}