{"cameraMode":{"drawMode":0,"name":"Shaded","section":"Shading Mode"},"sceneLighting":true,"audioPlay":false,"sceneViewState":{"showFog":true,"showMaterialUpdate":false,"showSkybox":true,"showFlares":true,"showImageEffects":true,"showParticleSystems":true},"in2DMode":false,"pivot":{"x":-13.58438491821289,"y":7.879505157470703,"z":0.6350909471511841},"rotation":{"x":0.11107277125120163,"y":-0.011930502951145172,"z":0.0013355965493246914,"w":0.9937474727630615},"size":9.26272201538086,"orthographic":false}