{"cameraMode":{"drawMode":0,"name":"Shaded","section":"Shading Mode"},"sceneLighting":true,"audioPlay":false,"sceneViewState":{"showFog":false,"showMaterialUpdate":false,"showSkybox":false,"showFlares":false,"showImageEffects":false,"showParticleSystems":false},"in2DMode":false,"pivot":{"x":20.559450149536134,"y":1.3828632831573487,"z":8.23304557800293},"rotation":{"x":0.004850206431001425,"y":0.5886510014533997,"z":-0.0035320662427693607,"w":0.8083721399307251},"size":15.971983909606934,"orthographic":false}